<?xml version="1.0" encoding="UTF-8" standalone="yes"?>
<annotation>
  <filename>https://nnts.imgix.net/uploadedfiles/92368006-2d25-4b9e-a188-17c5b837b0a2/PredictionImages/1532447207.jpeg?expires=1635183742&amp;or=0&amp;s=b7ba5f8afac0edd145379ac5b7e7398e</filename>
  <object>
    <name>price</name>
    <bndbox>
      <xmin>2239</xmin>
      <ymin>389</ymin>
      <xmax>2361</xmax>
      <ymax>424</ymax>
    </bndbox>
    <ocr_text>_19.95</ocr_text>
    <score>0.83599645</score>
  </object>
  <object>
    <name>price</name>
    <bndbox>
      <xmin>2238</xmin>
      <ymin>902</ymin>
      <xmax>2362</xmax>
      <ymax>941</ymax>
    </bndbox>
    <ocr_text>_27.95</ocr_text>
    <score>0.9050816</score>
  </object>
  <object>
    <name>price</name>
    <bndbox>
      <xmin>570</xmin>
      <ymin>2013</ymin>
      <xmax>651</xmax>
      <ymax>2045</ymax>
    </bndbox>
    <ocr_text>18.00</ocr_text>
    <score>0.72127765</score>
  </object>
  <object>
    <name>price</name>
    <bndbox>
      <xmin>1838</xmin>
      <ymin>2011</ymin>
      <xmax>1921</xmax>
      <ymax>2046</ymax>
    </bndbox>
    <ocr_text>23.00</ocr_text>
    <score>0.6838755</score>
  </object>
  <object>
    <name>price</name>
    <bndbox>
      <xmin>801</xmin>
      <ymin>2170</ymin>
      <xmax>898</xmax>
      <ymax>2201</ymax>
    </bndbox>
    <ocr_text>1,20 €</ocr_text>
    <score>0.68773234</score>
  </object>
  <object>
    <name>description</name>
    <bndbox>
      <xmin>572</xmin>
      <ymin>538</ymin>
      <xmax>1571</xmax>
      <ymax>567</ymax>
    </bndbox>
    <ocr_text>Burrata con tres tomates, aceite de anchoa y albahaca</ocr_text>
    <score>0.80571616</score>
  </object>
  <object>
    <name>description</name>
    <bndbox>
      <xmin>572</xmin>
      <ymin>602</ymin>
      <xmax>1429</xmax>
      <ymax>639</ymax>
    </bndbox>
    <ocr_text>Crujiente de pato con manzana, foie y cebollita</ocr_text>
    <score>0.88578796</score>
  </object>
  <object>
    <name>description</name>
    <bndbox>
      <xmin>572</xmin>
      <ymin>668</ymin>
      <xmax>1639</xmax>
      <ymax>705</ymax>
    </bndbox>
    <ocr_text>Huevos con patata, trufa, secreto ibérico y chips vegetales</ocr_text>
    <score>0.786812</score>
  </object>
  <object>
    <name>description</name>
    <bndbox>
      <xmin>571</xmin>
      <ymin>1004</ymin>
      <xmax>2121</xmax>
      <ymax>1034</ymax>
    </bndbox>
    <ocr_text>Sardina ahumada con gravlax de manzana verde, espuma de queso fresco y remolacha</ocr_text>
    <score>0.6091495</score>
  </object>
  <object>
    <name>description</name>
    <bndbox>
      <xmin>570</xmin>
      <ymin>1134</ymin>
      <xmax>1301</xmax>
      <ymax>1164</ymax>
    </bndbox>
    <ocr_text>Churro de bacalao con piñones y all i oli</ocr_text>
    <score>0.77096164</score>
  </object>
  <object>
    <name>description</name>
    <bndbox>
      <xmin>572</xmin>
      <ymin>1198</ymin>
      <xmax>1887</xmax>
      <ymax>1235</ymax>
    </bndbox>
    <ocr_text>Pulpo torrat con romesco, cebolla asada y trinxat de patata y sobrasada</ocr_text>
    <score>0.84341246</score>
  </object>
  <object>
    <name>description</name>
    <bndbox>
      <xmin>573</xmin>
      <ymin>1265</ymin>
      <xmax>1539</xmax>
      <ymax>1294</ymax>
    </bndbox>
    <ocr_text>Pato confitado con salsa de frutos rojos a la mostaza</ocr_text>
    <score>0.8071801</score>
  </object>
  <object>
    <name>description</name>
    <bndbox>
      <xmin>547</xmin>
      <ymin>1434</ymin>
      <xmax>1200</xmax>
      <ymax>1472</ymax>
    </bndbox>
    <ocr_text>*Los precios de los menús son por persona.</ocr_text>
    <score>0.44831824</score>
  </object>
  <object>
    <name>description</name>
    <bndbox>
      <xmin>576</xmin>
      <ymin>1470</ymin>
      <xmax>1570</xmax>
      <ymax>1494</ymax>
    </bndbox>
    <ocr_text>Menús mínimos para dos personas, un solo tipo de menú por mesa.</ocr_text>
    <score>0.70792997</score>
  </object>
  <object>
    <name>description</name>
    <bndbox>
      <xmin>558</xmin>
      <ymin>2133</ymin>
      <xmax>746</xmax>
      <ymax>2160</ymax>
    </bndbox>
    <ocr_text>Iva incluido.</ocr_text>
    <score>0.7201041</score>
  </object>
  <object>
    <name>description</name>
    <bndbox>
      <xmin>912</xmin>
      <ymin>2176</ymin>
      <xmax>1116</xmax>
      <ymax>2210</ymax>
    </bndbox>
    <ocr_text>por persona.</ocr_text>
    <score>0.71603316</score>
  </object>
  <object>
    <name>category</name>
    <bndbox>
      <xmin>400</xmin>
      <ymin>305</ymin>
      <xmax>541</xmax>
      <ymax>371</ymax>
    </bndbox>
    <ocr_text>menú</ocr_text>
    <score>0.7298842</score>
  </object>
  <object>
    <name>category</name>
    <bndbox>
      <xmin>399</xmin>
      <ymin>813</ymin>
      <xmax>543</xmax>
      <ymax>875</ymax>
    </bndbox>
    <ocr_text>menú</ocr_text>
    <score>0.6747433</score>
  </object>
  <object>
    <name>category</name>
    <bndbox>
      <xmin>389</xmin>
      <ymin>1547</ymin>
      <xmax>540</xmax>
      <ymax>1605</ymax>
    </bndbox>
    <ocr_text>vinos</ocr_text>
    <score>0.9458567</score>
  </object>
  <object>
    <name>category</name>
    <bndbox>
      <xmin>154</xmin>
      <ymin>1630</ymin>
      <xmax>541</xmax>
      <ymax>1689</ymax>
    </bndbox>
    <ocr_text>recomendados</ocr_text>
    <score>0.48422727</score>
  </object>
  <object>
    <name>category</name>
    <bndbox>
      <xmin>566</xmin>
      <ymin>1720</ymin>
      <xmax>849</xmax>
      <ymax>1767</ymax>
    </bndbox>
    <ocr_text>Ramón Bilbao</ocr_text>
    <score>0.49051243</score>
  </object>
  <object>
    <name>category</name>
    <bndbox>
      <xmin>577</xmin>
      <ymin>1774</ymin>
      <xmax>719</xmax>
      <ymax>1812</ymax>
    </bndbox>
    <ocr_text>crianza</ocr_text>
    <score>0.47832334</score>
  </object>
  <object>
    <name>category</name>
    <bndbox>
      <xmin>570</xmin>
      <ymin>1919</ymin>
      <xmax>699</xmax>
      <ymax>1946</ymax>
    </bndbox>
    <ocr_text>Tempranillo</ocr_text>
    <score>0.3246338</score>
  </object>
  <object>
    <name>name</name>
    <bndbox>
      <xmin>336</xmin>
      <ymin>392</ymin>
      <xmax>542</xmax>
      <ymax>445</ymax>
    </bndbox>
    <ocr_text>Lotelito</ocr_text>
    <score>0.5569553</score>
  </object>
  <object>
    <name>name</name>
    <bndbox>
      <xmin>572</xmin>
      <ymin>472</ymin>
      <xmax>985</xmax>
      <ymax>501</ymax>
    </bndbox>
    <ocr_text>Patatas bravas Lotelito</ocr_text>
    <score>0.65872264</score>
  </object>
  <object>
    <name>name</name>
    <bndbox>
      <xmin>572</xmin>
      <ymin>732</ymin>
      <xmax>831</xmax>
      <ymax>763</ymax>
    </bndbox>
    <ocr_text>Postre Lotelito</ocr_text>
    <score>0.8716034</score>
  </object>
  <object>
    <name>name</name>
    <bndbox>
      <xmin>320</xmin>
      <ymin>892</ymin>
      <xmax>543</xmax>
      <ymax>949</ymax>
    </bndbox>
    <ocr_text>Gourmet</ocr_text>
    <score>0.90616393</score>
  </object>
  <object>
    <name>name</name>
    <bndbox>
      <xmin>570</xmin>
      <ymin>1066</ymin>
      <xmax>1189</xmax>
      <ymax>1107</ymax>
    </bndbox>
    <ocr_text>Croqueta casera de jamón ibérico</ocr_text>
    <score>0.6213157</score>
  </object>
  <object>
    <name>name</name>
    <bndbox>
      <xmin>572</xmin>
      <ymin>1329</ymin>
      <xmax>831</xmax>
      <ymax>1360</ymax>
    </bndbox>
    <ocr_text>Postre Lotelito</ocr_text>
    <score>0.8016344</score>
  </object>
  <object>
    <name>name</name>
    <bndbox>
      <xmin>1226</xmin>
      <ymin>1724</ymin>
      <xmax>1499</xmax>
      <ymax>1765</ymax>
    </bndbox>
    <ocr_text>Mar de Frades</ocr_text>
    <score>0.5672021</score>
  </object>
  <object>
    <name>name</name>
    <bndbox>
      <xmin>1274</xmin>
      <ymin>1783</ymin>
      <xmax>1399</xmax>
      <ymax>1804</ymax>
    </bndbox>
    <ocr_text>Rias Baixas</ocr_text>
    <score>0.4119532</score>
  </object>
  <object>
    <name>name</name>
    <bndbox>
      <xmin>946</xmin>
      <ymin>1883</ymin>
      <xmax>1019</xmax>
      <ymax>1893</ymax>
    </bndbox>
    <ocr_text>RAMÓN BILBAO</ocr_text>
    <score>0.45936644</score>
  </object>
  <object>
    <name>name</name>
    <bndbox>
      <xmin>992</xmin>
      <ymin>1896</ymin>
      <xmax>996</xmax>
      <ymax>1902</ymax>
    </bndbox>
    <ocr_text>2</ocr_text>
    <score>0.4331255</score>
  </object>
  <object>
    <name>name</name>
    <bndbox>
      <xmin>1594</xmin>
      <ymin>2007</ymin>
      <xmax>1652</xmax>
      <ymax>2016</ymax>
    </bndbox>
    <ocr_text>MAR DE FRADES</ocr_text>
    <score>0.8953941</score>
  </object>
  <object>
    <name>name</name>
    <bndbox>
      <xmin>1604</xmin>
      <ymin>2041</ymin>
      <xmax>1661</xmax>
      <ymax>2052</ymax>
    </bndbox>
    <ocr_text>FRADES</ocr_text>
    <score>0.5433809</score>
  </object>
  <object>
    <name>name</name>
    <bndbox>
      <xmin>148</xmin>
      <ymin>2498</ymin>
      <xmax>605</xmax>
      <ymax>2554</ymax>
    </bndbox>
    <ocr_text>menús lotelito &amp; gourmet</ocr_text>
    <score>0.47166255</score>
  </object>
</annotation>