<?xml version="1.0" encoding="UTF-8" standalone="yes"?>
<annotation>
  <filename>https://nnts.imgix.net/uploadedfiles/92368006-2d25-4b9e-a188-17c5b837b0a2/PredictionImages/791096612.jpeg?expires=1635183742&amp;or=0&amp;s=2524acb70491e56725d7f53b0734c2d9</filename>
  <object>
    <name>name</name>
    <bndbox>
      <xmin>573</xmin>
      <ymin>464</ymin>
      <xmax>994</xmax>
      <ymax>494</ymax>
    </bndbox>
    <ocr_text>Patatas bravas Lotelito.</ocr_text>
    <score>0.8199096</score>
  </object>
  <object>
    <name>name</name>
    <bndbox>
      <xmin>571</xmin>
      <ymin>623</ymin>
      <xmax>1239</xmax>
      <ymax>663</ymax>
    </bndbox>
    <ocr_text>Croquetas caseras de jamón ibérico.</ocr_text>
    <score>0.7210886</score>
  </object>
  <object>
    <name>name</name>
    <bndbox>
      <xmin>570</xmin>
      <ymin>784</ymin>
      <xmax>1487</xmax>
      <ymax>814</ymax>
    </bndbox>
    <ocr_text>Jamón ibérico cortado a mano con tomate rallado.</ocr_text>
    <score>0.69705504</score>
  </object>
  <object>
    <name>name</name>
    <bndbox>
      <xmin>572</xmin>
      <ymin>1202</ymin>
      <xmax>1817</xmax>
      <ymax>1241</ymax>
    </bndbox>
    <ocr_text>Carpaccio de gamba roja con aceite de piñones y mahonesa cítrica.</ocr_text>
    <score>0.62564063</score>
  </object>
  <object>
    <name>name</name>
    <bndbox>
      <xmin>574</xmin>
      <ymin>1575</ymin>
      <xmax>868</xmax>
      <ymax>1619</ymax>
    </bndbox>
    <ocr_text>Burger Lotelito</ocr_text>
    <score>0.95384187</score>
  </object>
  <object>
    <name>name</name>
    <bndbox>
      <xmin>574</xmin>
      <ymin>1694</ymin>
      <xmax>892</xmax>
      <ymax>1737</ymax>
    </bndbox>
    <ocr_text>Burger Gourmet</ocr_text>
    <score>0.9207202</score>
  </object>
  <object>
    <name>name</name>
    <bndbox>
      <xmin>576</xmin>
      <ymin>1815</ymin>
      <xmax>825</xmax>
      <ymax>1855</ymax>
    </bndbox>
    <ocr_text>Burger Veggi</ocr_text>
    <score>0.9410903</score>
  </object>
  <object>
    <name>name</name>
    <bndbox>
      <xmin>575</xmin>
      <ymin>1934</ymin>
      <xmax>830</xmax>
      <ymax>1964</ymax>
    </bndbox>
    <ocr_text>Bao Portolito</ocr_text>
    <score>0.91745543</score>
  </object>
  <object>
    <name>name</name>
    <bndbox>
      <xmin>589</xmin>
      <ymin>2049</ymin>
      <xmax>753</xmax>
      <ymax>2087</ymax>
    </bndbox>
    <ocr_text>Вао Club</ocr_text>
    <score>0.9436311</score>
  </object>
  <object>
    <name>price</name>
    <bndbox>
      <xmin>2286</xmin>
      <ymin>465</ymin>
      <xmax>2362</xmax>
      <ymax>494</ymax>
    </bndbox>
    <ocr_text>8.25</ocr_text>
    <score>0.89348555</score>
  </object>
  <object>
    <name>price</name>
    <bndbox>
      <xmin>2274</xmin>
      <ymin>513</ymin>
      <xmax>2367</xmax>
      <ymax>555</ymax>
    </bndbox>
    <ocr_text>- 5.00</ocr_text>
    <score>0.65138364</score>
  </object>
  <object>
    <name>price</name>
    <bndbox>
      <xmin>2276</xmin>
      <ymin>564</ymin>
      <xmax>2363</xmax>
      <ymax>609</ymax>
    </bndbox>
    <ocr_text>- 9.50</ocr_text>
    <score>0.8889967</score>
  </object>
  <object>
    <name>price</name>
    <bndbox>
      <xmin>2274</xmin>
      <ymin>617</ymin>
      <xmax>2365</xmax>
      <ymax>665</ymax>
    </bndbox>
    <ocr_text>- 9.00</ocr_text>
    <score>0.7116828</score>
  </object>
  <object>
    <name>price</name>
    <bndbox>
      <xmin>2273</xmin>
      <ymin>670</ymin>
      <xmax>2361</xmax>
      <ymax>711</ymax>
    </bndbox>
    <ocr_text>- 8.75</ocr_text>
    <score>0.8668484</score>
  </object>
  <object>
    <name>price</name>
    <bndbox>
      <xmin>2278</xmin>
      <ymin>723</ymin>
      <xmax>2368</xmax>
      <ymax>766</ymax>
    </bndbox>
    <ocr_text>_ 9.50</ocr_text>
    <score>0.95816815</score>
  </object>
  <object>
    <name>price</name>
    <bndbox>
      <xmin>2238</xmin>
      <ymin>778</ymin>
      <xmax>2364</xmax>
      <ymax>822</ymax>
    </bndbox>
    <ocr_text>_19.00</ocr_text>
    <score>0.9160302</score>
  </object>
  <object>
    <name>price</name>
    <bndbox>
      <xmin>2240</xmin>
      <ymin>835</ymin>
      <xmax>2364</xmax>
      <ymax>873</ymax>
    </bndbox>
    <ocr_text>_16.50</ocr_text>
    <score>0.9676086</score>
  </object>
  <object>
    <name>price</name>
    <bndbox>
      <xmin>2273</xmin>
      <ymin>882</ymin>
      <xmax>2374</xmax>
      <ymax>932</ymax>
    </bndbox>
    <ocr_text>- 9.00</ocr_text>
    <score>0.91022587</score>
  </object>
  <object>
    <name>price</name>
    <bndbox>
      <xmin>2240</xmin>
      <ymin>941</ymin>
      <xmax>2364</xmax>
      <ymax>979</ymax>
    </bndbox>
    <ocr_text>_16.50</ocr_text>
    <score>0.96670616</score>
  </object>
  <object>
    <name>price</name>
    <bndbox>
      <xmin>2288</xmin>
      <ymin>1151</ymin>
      <xmax>2366</xmax>
      <ymax>1181</ymax>
    </bndbox>
    <ocr_text>4.50</ocr_text>
    <score>0.81880194</score>
  </object>
  <object>
    <name>price</name>
    <bndbox>
      <xmin>2243</xmin>
      <ymin>1205</ymin>
      <xmax>2366</xmax>
      <ymax>1238</ymax>
    </bndbox>
    <ocr_text>_16.00</ocr_text>
    <score>0.92914855</score>
  </object>
  <object>
    <name>price</name>
    <bndbox>
      <xmin>2242</xmin>
      <ymin>1256</ymin>
      <xmax>2366</xmax>
      <ymax>1292</ymax>
    </bndbox>
    <ocr_text>_11.50</ocr_text>
    <score>0.95252556</score>
  </object>
  <object>
    <name>price</name>
    <bndbox>
      <xmin>2243</xmin>
      <ymin>1310</ymin>
      <xmax>2366</xmax>
      <ymax>1345</ymax>
    </bndbox>
    <ocr_text>_10.50</ocr_text>
    <score>0.9685726</score>
  </object>
  <object>
    <name>price</name>
    <bndbox>
      <xmin>2242</xmin>
      <ymin>1361</ymin>
      <xmax>2365</xmax>
      <ymax>1397</ymax>
    </bndbox>
    <ocr_text>_14.50</ocr_text>
    <score>0.9669662</score>
  </object>
  <object>
    <name>price</name>
    <bndbox>
      <xmin>2242</xmin>
      <ymin>1578</ymin>
      <xmax>2366</xmax>
      <ymax>1614</ymax>
    </bndbox>
    <ocr_text>_12.50</ocr_text>
    <score>0.9749921</score>
  </object>
  <object>
    <name>price</name>
    <bndbox>
      <xmin>2242</xmin>
      <ymin>1696</ymin>
      <xmax>2367</xmax>
      <ymax>1733</ymax>
    </bndbox>
    <ocr_text>_13.00</ocr_text>
    <score>0.9470976</score>
  </object>
  <object>
    <name>price</name>
    <bndbox>
      <xmin>2242</xmin>
      <ymin>1813</ymin>
      <xmax>2365</xmax>
      <ymax>1851</ymax>
    </bndbox>
    <ocr_text>_11.50</ocr_text>
    <score>0.9716413</score>
  </object>
  <object>
    <name>price</name>
    <bndbox>
      <xmin>2243</xmin>
      <ymin>1932</ymin>
      <xmax>2366</xmax>
      <ymax>1966</ymax>
    </bndbox>
    <ocr_text>_12.00</ocr_text>
    <score>0.9160241</score>
  </object>
  <object>
    <name>price</name>
    <bndbox>
      <xmin>2242</xmin>
      <ymin>2048</ymin>
      <xmax>2366</xmax>
      <ymax>2084</ymax>
    </bndbox>
    <ocr_text>_12.00</ocr_text>
    <score>0.8740864</score>
  </object>
  <object>
    <name>description</name>
    <bndbox>
      <xmin>572</xmin>
      <ymin>516</ymin>
      <xmax>1459</xmax>
      <ymax>555</ymax>
    </bndbox>
    <ocr_text>Crujientes de pato con manzana, foie y cebollita.</ocr_text>
    <score>0.5818275</score>
  </object>
  <object>
    <name>description</name>
    <bndbox>
      <xmin>572</xmin>
      <ymin>569</ymin>
      <xmax>1313</xmax>
      <ymax>602</ymax>
    </bndbox>
    <ocr_text>Churro de bacalao con piñones y all i oli.</ocr_text>
    <score>0.4738002</score>
  </object>
  <object>
    <name>description</name>
    <bndbox>
      <xmin>573</xmin>
      <ymin>677</ymin>
      <xmax>1814</xmax>
      <ymax>715</ymax>
    </bndbox>
    <ocr_text>Ensaladilla rusa con ventresca de atún y polvo de aceitunas negras.</ocr_text>
    <score>0.46471307</score>
  </object>
  <object>
    <name>description</name>
    <bndbox>
      <xmin>572</xmin>
      <ymin>730</ymin>
      <xmax>1601</xmax>
      <ymax>761</ymax>
    </bndbox>
    <ocr_text>Raviolis de gamba y setas con jengibre y jugo de ostras.</ocr_text>
    <score>0.5253614</score>
  </object>
  <object>
    <name>description</name>
    <bndbox>
      <xmin>570</xmin>
      <ymin>836</ymin>
      <xmax>1595</xmax>
      <ymax>875</ymax>
    </bndbox>
    <ocr_text>Tabla de quesos de leche cruda con membrillo, piparras</ocr_text>
    <score>0.5513235</score>
  </object>
  <object>
    <name>description</name>
    <bndbox>
      <xmin>1620</xmin>
      <ymin>834</ymin>
      <xmax>1871</xmax>
      <ymax>873</ymax>
    </bndbox>
    <ocr_text>y frutos secos.</ocr_text>
    <score>0.7634814</score>
  </object>
  <object>
    <name>description</name>
    <bndbox>
      <xmin>572</xmin>
      <ymin>890</ymin>
      <xmax>1693</xmax>
      <ymax>929</ymax>
    </bndbox>
    <ocr_text>Nachos picantes con guacamole, crema agria y pico de gallo.</ocr_text>
    <score>0.6163585</score>
  </object>
  <object>
    <name>description</name>
    <bndbox>
      <xmin>572</xmin>
      <ymin>944</ymin>
      <xmax>1555</xmax>
      <ymax>981</ymax>
    </bndbox>
    <ocr_text>Lingote de foie con confitura de albaricoques y tostas.</ocr_text>
    <score>0.44400585</score>
  </object>
  <object>
    <name>description</name>
    <bndbox>
      <xmin>572</xmin>
      <ymin>1150</ymin>
      <xmax>2085</xmax>
      <ymax>1181</ymax>
    </bndbox>
    <ocr_text>Sardina ahumada con gravlax de manzana verde y espuma de queso fresco y remolacha.</ocr_text>
    <score>0.5352484</score>
  </object>
  <object>
    <name>description</name>
    <bndbox>
      <xmin>573</xmin>
      <ymin>1257</ymin>
      <xmax>1602</xmax>
      <ymax>1287</ymax>
    </bndbox>
    <ocr_text>Burrata con tres tomates y aceite de anchoa y albahaca.</ocr_text>
    <score>0.54642427</score>
  </object>
  <object>
    <name>description</name>
    <bndbox>
      <xmin>574</xmin>
      <ymin>1310</ymin>
      <xmax>1287</xmax>
      <ymax>1347</ymax>
    </bndbox>
    <ocr_text>Ensalada cesar con pollo thai crujiente.</ocr_text>
    <score>0.8008121</score>
  </object>
  <object>
    <name>description</name>
    <bndbox>
      <xmin>570</xmin>
      <ymin>1364</ymin>
      <xmax>1896</xmax>
      <ymax>1394</ymax>
    </bndbox>
    <ocr_text>Tartare de atún con ponzu, guacamole y crema de syracha y anacardos.</ocr_text>
    <score>0.6172116</score>
  </object>
  <object>
    <name>description</name>
    <bndbox>
      <xmin>574</xmin>
      <ymin>1634</ymin>
      <xmax>639</xmax>
      <ymax>1663</ymax>
    </bndbox>
    <ocr_text>200</ocr_text>
    <score>0.72397107</score>
  </object>
  <object>
    <name>description</name>
    <bndbox>
      <xmin>654</xmin>
      <ymin>1632</ymin>
      <xmax>2129</xmax>
      <ymax>1671</ymax>
    </bndbox>
    <ocr_text>gr de carne de buey, bacon, queso, tomate, cebolla salteada, mezclum, pepinillo.</ocr_text>
    <score>0.8666646</score>
  </object>
  <object>
    <name>description</name>
    <bndbox>
      <xmin>574</xmin>
      <ymin>1752</ymin>
      <xmax>639</xmax>
      <ymax>1781</ymax>
    </bndbox>
    <ocr_text>200</ocr_text>
    <score>0.62876654</score>
  </object>
  <object>
    <name>description</name>
    <bndbox>
      <xmin>654</xmin>
      <ymin>1750</ymin>
      <xmax>2075</xmax>
      <ymax>1789</ymax>
    </bndbox>
    <ocr_text>gr de carne de buey, confitura de tomate y cebolla, mezclum, queso de cabra.</ocr_text>
    <score>0.75875413</score>
  </object>
  <object>
    <name>description</name>
    <bndbox>
      <xmin>575</xmin>
      <ymin>1870</ymin>
      <xmax>1671</xmax>
      <ymax>1908</ymax>
    </bndbox>
    <ocr_text>Hamburguesa vegana, cebolla salteada, pepinillo, mezclum.</ocr_text>
    <score>0.8205601</score>
  </object>
  <object>
    <name>description</name>
    <bndbox>
      <xmin>574</xmin>
      <ymin>1987</ymin>
      <xmax>1860</xmax>
      <ymax>2017</ymax>
    </bndbox>
    <ocr_text>Cerdo pekin, pepinillo agridulce, mahonesa picante y cebolla kimchee.</ocr_text>
    <score>0.8815966</score>
  </object>
  <object>
    <name>description</name>
    <bndbox>
      <xmin>1876</xmin>
      <ymin>1987</ymin>
      <xmax>1908</xmax>
      <ymax>2025</ymax>
    </bndbox>
    <ocr_text>(2</ocr_text>
    <score>0.6760114</score>
  </object>
  <object>
    <name>description</name>
    <bndbox>
      <xmin>576</xmin>
      <ymin>2106</ymin>
      <xmax>1855</xmax>
      <ymax>2143</ymax>
    </bndbox>
    <ocr_text>Pechuga de pollo, bacon, yema cremosa, mezclum y crema de queso.</ocr_text>
    <score>0.7230207</score>
  </object>
  <object>
    <name>description</name>
    <bndbox>
      <xmin>1872</xmin>
      <ymin>2104</ymin>
      <xmax>1903</xmax>
      <ymax>2143</ymax>
    </bndbox>
    <ocr_text>(2</ocr_text>
    <score>0.5978058</score>
  </object>
  <object>
    <name>category</name>
    <bndbox>
      <xmin>448</xmin>
      <ymin>2273</ymin>
      <xmax>709</xmax>
      <ymax>2318</ymax>
    </bndbox>
    <ocr_text>cositas ligeras</ocr_text>
    <score>0.44093382</score>
  </object>
  <object>
    <name>category</name>
    <bndbox>
      <xmin>724</xmin>
      <ymin>2272</ymin>
      <xmax>739</xmax>
      <ymax>2309</ymax>
    </bndbox>
    <ocr_text>/</ocr_text>
    <score>0.34005156</score>
  </object>
</annotation>