<?xml version="1.0" encoding="UTF-8" standalone="yes"?>
<annotation>
  <filename>https://nnts.imgix.net/uploadedfiles/92368006-2d25-4b9e-a188-17c5b837b0a2/PredictionImages/931853981.jpeg?expires=1635183742&amp;or=0&amp;s=4da8c4929d3d0ab4bff789d48b89c799</filename>
  <object>
    <name>category</name>
    <bndbox>
      <xmin>313</xmin>
      <ymin>391</ymin>
      <xmax>541</xmax>
      <ymax>444</ymax>
    </bndbox>
    <ocr_text>terminar</ocr_text>
    <score>0.72553587</score>
  </object>
  <object>
    <name>description</name>
    <bndbox>
      <xmin>572</xmin>
      <ymin>465</ymin>
      <xmax>1646</xmax>
      <ymax>503</ymax>
    </bndbox>
    <ocr_text>Huevos con patata, trufa, secreto ibérico y chips vegetales.</ocr_text>
    <score>0.39462975</score>
  </object>
  <object>
    <name>description</name>
    <bndbox>
      <xmin>572</xmin>
      <ymin>595</ymin>
      <xmax>1894</xmax>
      <ymax>633</ymax>
    </bndbox>
    <ocr_text>Pulpo torrat con romesco, cebolla asada y trinxat de patata y sobrasada.</ocr_text>
    <score>0.5432725</score>
  </object>
  <object>
    <name>description</name>
    <bndbox>
      <xmin>570</xmin>
      <ymin>660</ymin>
      <xmax>1432</xmax>
      <ymax>689</ymax>
    </bndbox>
    <ocr_text>Tataki de atún con ensalada de algas y wasabi.</ocr_text>
    <score>0.7813676</score>
  </object>
  <object>
    <name>description</name>
    <bndbox>
      <xmin>570</xmin>
      <ymin>724</ymin>
      <xmax>1489</xmax>
      <ymax>755</ymax>
    </bndbox>
    <ocr_text>Vieiras con chop suey de brotes y hierbas frescas.</ocr_text>
    <score>0.8004293</score>
  </object>
  <object>
    <name>description</name>
    <bndbox>
      <xmin>854</xmin>
      <ymin>790</ymin>
      <xmax>1825</xmax>
      <ymax>827</ymax>
    </bndbox>
    <ocr_text>gr.) con patatas fritas caseras y pimientos de Padrón.</ocr_text>
    <score>0.89362234</score>
  </object>
  <object>
    <name>description</name>
    <bndbox>
      <xmin>571</xmin>
      <ymin>854</ymin>
      <xmax>1978</xmax>
      <ymax>885</ymax>
    </bndbox>
    <ocr_text>Cordero asado con all i oli de membrillo y reducción de cerveza negra y miel.</ocr_text>
    <score>0.59829605</score>
  </object>
  <object>
    <name>description</name>
    <bndbox>
      <xmin>573</xmin>
      <ymin>920</ymin>
      <xmax>1291</xmax>
      <ymax>955</ymax>
    </bndbox>
    <ocr_text>Pato confitado con salsa de frutos rojos</ocr_text>
    <score>0.80000854</score>
  </object>
  <object>
    <name>description</name>
    <bndbox>
      <xmin>572</xmin>
      <ymin>986</ymin>
      <xmax>1325</xmax>
      <ymax>1023</ymax>
    </bndbox>
    <ocr_text>Big canelonni de espinacas y queso azul.</ocr_text>
    <score>0.47462457</score>
  </object>
  <object>
    <name>description</name>
    <bndbox>
      <xmin>572</xmin>
      <ymin>1050</ymin>
      <xmax>1843</xmax>
      <ymax>1079</ymax>
    </bndbox>
    <ocr_text>Pasta fresca con pesto rojo, jamón ibérico y queso manchego curado.</ocr_text>
    <score>0.8728198</score>
  </object>
  <object>
    <name>description</name>
    <bndbox>
      <xmin>570</xmin>
      <ymin>1362</ymin>
      <xmax>1171</xmax>
      <ymax>1393</ymax>
    </bndbox>
    <ocr_text>Arroz con pato, setas, trufa y foie</ocr_text>
    <score>0.8943422</score>
  </object>
  <object>
    <name>description</name>
    <bndbox>
      <xmin>570</xmin>
      <ymin>1427</ymin>
      <xmax>2064</xmax>
      <ymax>1465</ymax>
    </bndbox>
    <ocr_text>Arroz vegano (castañas, orejones, pasas, pipas, garbanzos, piñones y espinacas)</ocr_text>
    <score>0.8503069</score>
  </object>
  <object>
    <name>description</name>
    <bndbox>
      <xmin>580</xmin>
      <ymin>1792</ymin>
      <xmax>937</xmax>
      <ymax>1832</ymax>
    </bndbox>
    <ocr_text>Jardín de chocolate.</ocr_text>
    <score>0.50817245</score>
  </object>
  <object>
    <name>description</name>
    <bndbox>
      <xmin>575</xmin>
      <ymin>2070</ymin>
      <xmax>760</xmax>
      <ymax>2105</ymax>
    </bndbox>
    <ocr_text>Iva incluido.</ocr_text>
    <score>0.89296955</score>
  </object>
  <object>
    <name>description</name>
    <bndbox>
      <xmin>926</xmin>
      <ymin>2116</ymin>
      <xmax>1129</xmax>
      <ymax>2149</ymax>
    </bndbox>
    <ocr_text>por persona.</ocr_text>
    <score>0.70823425</score>
  </object>
  <object>
    <name>description</name>
    <bndbox>
      <xmin>844</xmin>
      <ymin>2387</ymin>
      <xmax>859</xmax>
      <ymax>2424</ymax>
    </bndbox>
    <ocr_text>/</ocr_text>
    <score>0.52959645</score>
  </object>
  <object>
    <name>description</name>
    <bndbox>
      <xmin>872</xmin>
      <ymin>2384</ymin>
      <xmax>1065</xmax>
      <ymax>2429</ymax>
    </bndbox>
    <ocr_text>algo dulce</ocr_text>
    <score>0.49881786</score>
  </object>
  <object>
    <name>price</name>
    <bndbox>
      <xmin>2244</xmin>
      <ymin>464</ymin>
      <xmax>2366</xmax>
      <ymax>499</ymax>
    </bndbox>
    <ocr_text>_10.50</ocr_text>
    <score>0.9351161</score>
  </object>
  <object>
    <name>price</name>
    <bndbox>
      <xmin>2244</xmin>
      <ymin>530</ymin>
      <xmax>2366</xmax>
      <ymax>564</ymax>
    </bndbox>
    <ocr_text>_13.50</ocr_text>
    <score>0.9544098</score>
  </object>
  <object>
    <name>price</name>
    <bndbox>
      <xmin>2244</xmin>
      <ymin>595</ymin>
      <xmax>2366</xmax>
      <ymax>629</ymax>
    </bndbox>
    <ocr_text>_18.50</ocr_text>
    <score>0.95619667</score>
  </object>
  <object>
    <name>price</name>
    <bndbox>
      <xmin>2244</xmin>
      <ymin>658</ymin>
      <xmax>2368</xmax>
      <ymax>695</ymax>
    </bndbox>
    <ocr_text>_15.50</ocr_text>
    <score>0.975414</score>
  </object>
  <object>
    <name>price</name>
    <bndbox>
      <xmin>2242</xmin>
      <ymin>725</ymin>
      <xmax>2368</xmax>
      <ymax>761</ymax>
    </bndbox>
    <ocr_text>_16.00</ocr_text>
    <score>0.9423992</score>
  </object>
  <object>
    <name>price</name>
    <bndbox>
      <xmin>2242</xmin>
      <ymin>788</ymin>
      <xmax>2368</xmax>
      <ymax>827</ymax>
    </bndbox>
    <ocr_text>_19.50</ocr_text>
    <score>0.95902413</score>
  </object>
  <object>
    <name>price</name>
    <bndbox>
      <xmin>2244</xmin>
      <ymin>855</ymin>
      <xmax>2366</xmax>
      <ymax>889</ymax>
    </bndbox>
    <ocr_text>_18.50</ocr_text>
    <score>0.9619381</score>
  </object>
  <object>
    <name>price</name>
    <bndbox>
      <xmin>2242</xmin>
      <ymin>919</ymin>
      <xmax>2368</xmax>
      <ymax>956</ymax>
    </bndbox>
    <ocr_text>_15.00</ocr_text>
    <score>0.9612345</score>
  </object>
  <object>
    <name>price</name>
    <bndbox>
      <xmin>2242</xmin>
      <ymin>979</ymin>
      <xmax>2367</xmax>
      <ymax>1023</ymax>
    </bndbox>
    <ocr_text>_13.50</ocr_text>
    <score>0.9643498</score>
  </object>
  <object>
    <name>price</name>
    <bndbox>
      <xmin>2244</xmin>
      <ymin>1049</ymin>
      <xmax>2366</xmax>
      <ymax>1084</ymax>
    </bndbox>
    <ocr_text>_12.50</ocr_text>
    <score>0.95860535</score>
  </object>
  <object>
    <name>price</name>
    <bndbox>
      <xmin>2268</xmin>
      <ymin>1297</ymin>
      <xmax>2366</xmax>
      <ymax>1328</ymax>
    </bndbox>
    <ocr_text>14.50</ocr_text>
    <score>0.93175685</score>
  </object>
  <object>
    <name>price</name>
    <bndbox>
      <xmin>2234</xmin>
      <ymin>1362</ymin>
      <xmax>2367</xmax>
      <ymax>1397</ymax>
    </bndbox>
    <ocr_text>_13.50</ocr_text>
    <score>0.9672888</score>
  </object>
  <object>
    <name>price</name>
    <bndbox>
      <xmin>2242</xmin>
      <ymin>1426</ymin>
      <xmax>2368</xmax>
      <ymax>1463</ymax>
    </bndbox>
    <ocr_text>_12.50</ocr_text>
    <score>0.9676064</score>
  </object>
  <object>
    <name>price</name>
    <bndbox>
      <xmin>2280</xmin>
      <ymin>1653</ymin>
      <xmax>2371</xmax>
      <ymax>1700</ymax>
    </bndbox>
    <ocr_text>- 5.50</ocr_text>
    <score>0.7046672</score>
  </object>
  <object>
    <name>price</name>
    <bndbox>
      <xmin>2275</xmin>
      <ymin>1718</ymin>
      <xmax>2371</xmax>
      <ymax>1760</ymax>
    </bndbox>
    <ocr_text>_ 6.50</ocr_text>
    <score>0.9384154</score>
  </object>
  <object>
    <name>price</name>
    <bndbox>
      <xmin>2268</xmin>
      <ymin>1789</ymin>
      <xmax>2367</xmax>
      <ymax>1823</ymax>
    </bndbox>
    <ocr_text>_6.95</ocr_text>
    <score>0.9608302</score>
  </object>
  <object>
    <name>price</name>
    <bndbox>
      <xmin>2267</xmin>
      <ymin>1853</ymin>
      <xmax>2368</xmax>
      <ymax>1889</ymax>
    </bndbox>
    <ocr_text>_5.00</ocr_text>
    <score>0.900509</score>
  </object>
  <object>
    <name>price</name>
    <bndbox>
      <xmin>2268</xmin>
      <ymin>1918</ymin>
      <xmax>2368</xmax>
      <ymax>1954</ymax>
    </bndbox>
    <ocr_text>_6.50</ocr_text>
    <score>0.92951643</score>
  </object>
  <object>
    <name>price</name>
    <bndbox>
      <xmin>815</xmin>
      <ymin>2109</ymin>
      <xmax>912</xmax>
      <ymax>2141</ymax>
    </bndbox>
    <ocr_text>1,20 €</ocr_text>
    <score>0.5917484</score>
  </object>
  <object>
    <name>name</name>
    <bndbox>
      <xmin>572</xmin>
      <ymin>528</ymin>
      <xmax>1165</xmax>
      <ymax>559</ymax>
    </bndbox>
    <ocr_text>Fish and chips con salsa Tártara</ocr_text>
    <score>0.46880165</score>
  </object>
  <object>
    <name>name</name>
    <bndbox>
      <xmin>572</xmin>
      <ymin>790</ymin>
      <xmax>743</xmax>
      <ymax>819</ymax>
    </bndbox>
    <ocr_text>Entrecote</ocr_text>
    <score>0.9029018</score>
  </object>
  <object>
    <name>name</name>
    <bndbox>
      <xmin>1319</xmin>
      <ymin>916</ymin>
      <xmax>1547</xmax>
      <ymax>955</ymax>
    </bndbox>
    <ocr_text>a la mostaza.</ocr_text>
    <score>0.8910782</score>
  </object>
  <object>
    <name>name</name>
    <bndbox>
      <xmin>570</xmin>
      <ymin>1298</ymin>
      <xmax>903</xmax>
      <ymax>1339</ymax>
    </bndbox>
    <ocr_text>Arroz del senyoret</ocr_text>
    <score>0.6990084</score>
  </object>
  <object>
    <name>name</name>
    <bndbox>
      <xmin>570</xmin>
      <ymin>1667</ymin>
      <xmax>878</xmax>
      <ymax>1697</ymax>
    </bndbox>
    <ocr_text>Tiramisú Lotelito.</ocr_text>
    <score>0.96231186</score>
  </object>
  <object>
    <name>name</name>
    <bndbox>
      <xmin>569</xmin>
      <ymin>1732</ymin>
      <xmax>1403</xmax>
      <ymax>1771</ymax>
    </bndbox>
    <ocr_text>Tarta de manzana con helado de merengada.</ocr_text>
    <score>0.4726487</score>
  </object>
  <object>
    <name>name</name>
    <bndbox>
      <xmin>570</xmin>
      <ymin>1862</ymin>
      <xmax>885</xmax>
      <ymax>1893</ymax>
    </bndbox>
    <ocr_text>Tartas artesanas.</ocr_text>
    <score>0.96636236</score>
  </object>
  <object>
    <name>name</name>
    <bndbox>
      <xmin>572</xmin>
      <ymin>1928</ymin>
      <xmax>1683</xmax>
      <ymax>1957</ymax>
    </bndbox>
    <ocr_text>Ensalada de frutas de temporada con sorbete de mandarina.</ocr_text>
    <score>0.48104003</score>
  </object>
  <object>
    <name>name</name>
    <bndbox>
      <xmin>572</xmin>
      <ymin>2110</ymin>
      <xmax>799</xmax>
      <ymax>2139</ymax>
    </bndbox>
    <ocr_text>Pan y servicio</ocr_text>
    <score>0.60406256</score>
  </object>
</annotation>